Trial,Pre-Stimulus,Post-Stimulus
Trial_1,21.949959472659252,23.673138793949875
Trial_2,21.271601821902017,18.30841375732848
Trial_3,12.472941925051362,18.51481021118576
